{"cameraMode":{"drawMode":0,"name":"Shaded","section":"Shading Mode"},"sceneLighting":true,"audioPlay":false,"sceneViewState":{"showFog":true,"showMaterialUpdate":false,"showSkybox":true,"showFlares":true,"showImageEffects":true,"showParticleSystems":true},"in2DMode":false,"pivot":{"x":508.706787109375,"y":0.9014863967895508,"z":111.24066925048828},"rotation":{"x":-0.037745632231235507,"y":-0.05365345999598503,"z":0.002068681176751852,"w":-0.997879683971405},"size":124.7623062133789,"orthographic":false}