{"cameraMode":{"drawMode":0,"name":"Shaded","section":"Shading Mode"},"sceneLighting":false,"audioPlay":false,"sceneViewState":{"showFog":true,"showMaterialUpdate":false,"showSkybox":false,"showFlares":true,"showImageEffects":true,"showParticleSystems":true},"in2DMode":false,"pivot":{"x":-0.6000000238418579,"y":1.312999963760376,"z":1.5579999685287476},"rotation":{"x":-0.052243344485759738,"y":0.7900334000587463,"z":-0.06794273108243942,"w":-0.6070911884307861},"size":0.5715768933296204,"orthographic":false}